Category,Title,URL
Rising Stars,Photo by Shiona Das on Unsplash,['https://images.unsplash.com/photo-1723479813727-0b1b4a3871d1?mark=https%3A%2F%2Fimages.unsplash.com%2Fopengraph%2Flogo.png&mark-w=64&mark-align=top%2Cleft&mark-pad=50&h=630&w=1200&crop=faces%2Cedges&blend-w=1&blend=000000&blend-mode=normal&blend-alpha=10&auto=format&fit=crop&q=60&ixid=M3wxMjA3fDB8MXxhbGx8fHx8fHx8fHwxNzMxODMyNTcyfA&ixlib=rb-4.0.3']
Rising Stars,Photo by Dominic Kurniawan Suryaputra on Unsplash,['https://images.unsplash.com/photo-1730282542574-f6e7b09ebbe7?mark=https%3A%2F%2Fimages.unsplash.com%2Fopengraph%2Flogo.png&mark-w=64&mark-align=top%2Cleft&mark-pad=50&h=630&w=1200&crop=faces%2Cedges&blend-w=1&blend=000000&blend-mode=normal&blend-alpha=10&auto=format&fit=crop&q=60&ixid=M3wxMjA3fDB8MXxhbGx8fHx8fHx8fHwxNzMxODI4NTU3fA&ixlib=rb-4.0.3']
Rising Stars,Photo by Aimee Zaugg on Unsplash,['https://images.unsplash.com/photo-1730197406283-0bbf2950d1c0?mark=https%3A%2F%2Fimages.unsplash.com%2Fopengraph%2Flogo.png&mark-w=64&mark-align=top%2Cleft&mark-pad=50&h=630&w=1200&crop=faces%2Cedges&blend-w=1&blend=000000&blend-mode=normal&blend-alpha=10&auto=format&fit=crop&q=60&ixid=M3wxMjA3fDB8MXxhbGx8fHx8fHx8fHwxNzMxODMyNTcyfA&ixlib=rb-4.0.3']
Business & Work,Photo by Annie Spratt on Unsplash,['https://images.unsplash.com/photo-1731762512322-bb414c230f7e?mark=https%3A%2F%2Fimages.unsplash.com%2Fopengraph%2Flogo.png&mark-w=64&mark-align=top%2Cleft&mark-pad=50&h=630&w=1200&crop=faces%2Cedges&blend-w=1&blend=000000&blend-mode=normal&blend-alpha=10&auto=format&fit=crop&q=60&ixid=M3wxMjA3fDB8MXxhbGx8fHx8fHx8fHwxNzMxODMyNTc0fA&ixlib=rb-4.0.3']
Spirituality,Photo by Kristijan Arsov on Unsplash,['https://images.unsplash.com/photo-1731363111117-d9e0914c3283?mark=https%3A%2F%2Fimages.unsplash.com%2Fopengraph%2Flogo.png&mark-w=64&mark-align=top%2Cleft&mark-pad=50&h=630&w=1200&crop=faces%2Cedges&blend-w=1&blend=000000&blend-mode=normal&blend-alpha=10&auto=format&fit=crop&q=60&ixid=M3wxMjA3fDB8MXxhbGx8fHx8fHx8fHwxNzMxODMyNTc0fA&ixlib=rb-4.0.3']
Health & Wellness,Photo by Jeffrey Valenzuela on Unsplash,['https://images.unsplash.com/photo-1722699624294-fe63e1ab454e?mark=https%3A%2F%2Fimages.unsplash.com%2Fopengraph%2Flogo.png&mark-w=64&mark-align=top%2Cleft&mark-pad=50&h=630&w=1200&crop=faces%2Cedges&blend-w=1&blend=000000&blend-mode=normal&blend-alpha=10&auto=format&fit=crop&q=60&ixid=M3wxMjA3fDB8MXxhbGx8fHx8fHx8fHwxNzMxODMyNTcyfA&ixlib=rb-4.0.3']
Sports,Photo by Daniil Silantev on Unsplash,['https://images.unsplash.com/photo-1731176143425-ea3fff05c6d5?mark=https%3A%2F%2Fimages.unsplash.com%2Fopengraph%2Flogo.png&mark-w=64&mark-align=top%2Cleft&mark-pad=50&h=630&w=1200&crop=faces%2Cedges&blend-w=1&blend=000000&blend-mode=normal&blend-alpha=10&auto=format&fit=crop&q=60&ixid=M3wxMjA3fDB8MXxhbGx8fHx8fHx8fHwxNzMxODMyNTc0fA&ixlib=rb-4.0.3']
Film,Photo by Annie Spratt on Unsplash,['https://images.unsplash.com/photo-1731762512320-709730c2f6f6?mark=https%3A%2F%2Fimages.unsplash.com%2Fopengraph%2Flogo.png&mark-w=64&mark-align=top%2Cleft&mark-pad=50&h=630&w=1200&crop=faces%2Cedges&blend-w=1&blend=000000&blend-mode=normal&blend-alpha=10&auto=format&fit=crop&q=60&ixid=M3wxMjA3fDB8MXxhbGx8fHx8fHx8fHwxNzMxODMxNDU1fA&ixlib=rb-4.0.3']
Business & Work,Photo by Kelly Sikkema on Unsplash,['https://images.unsplash.com/photo-1663524789649-be7ffa0877a8?mark=https%3A%2F%2Fimages.unsplash.com%2Fopengraph%2Flogo.png&mark-w=64&mark-align=top%2Cleft&mark-pad=50&h=630&w=1200&crop=faces%2Cedges&blend-w=1&blend=000000&blend-mode=normal&blend-alpha=10&auto=format&fit=crop&q=60&ixid=M3wxMjA3fDB8MXxhbGx8fHx8fHx8fHwxNzMxODMyNTc0fA&ixlib=rb-4.0.3']
Business & Work,Photo by Kouji Tsuru on Unsplash,['https://images.unsplash.com/photo-1731819536197-d2d93d89810c?mark=https%3A%2F%2Fimages.unsplash.com%2Fopengraph%2Flogo.png&mark-w=64&mark-align=top%2Cleft&mark-pad=50&h=630&w=1200&crop=faces%2Cedges&blend-w=1&blend=000000&blend-mode=normal&blend-alpha=10&auto=format&fit=crop&q=60&ixid=M3wxMjA3fDB8MXxhbGx8fHx8fHx8fHwxNzMxODMyNTc0fA&ixlib=rb-4.0.3']
People,Photo by Samuel Yongbo Kwon on Unsplash,['https://images.unsplash.com/photo-1731341711971-dc38777a69e0?mark=https%3A%2F%2Fimages.unsplash.com%2Fopengraph%2Flogo.png&mark-w=64&mark-align=top%2Cleft&mark-pad=50&h=630&w=1200&crop=faces%2Cedges&blend-w=1&blend=000000&blend-mode=normal&blend-alpha=10&auto=format&fit=crop&q=60&ixid=M3wxMjA3fDB8MXxhbGx8fHx8fHx8fHwxNzMxODMyMzc0fA&ixlib=rb-4.0.3']
Sports,Photo by Matteo Ulisse on Unsplash,['https://images.unsplash.com/photo-1731524999532-642d0c39ad76?mark=https%3A%2F%2Fimages.unsplash.com%2Fopengraph%2Flogo.png&mark-w=64&mark-align=top%2Cleft&mark-pad=50&h=630&w=1200&crop=faces%2Cedges&blend-w=1&blend=000000&blend-mode=normal&blend-alpha=10&auto=format&fit=crop&q=60&ixid=M3wxMjA3fDB8MXxhbGx8fHx8fHx8fHwxNzMxODMyNTIzfA&ixlib=rb-4.0.3']
Archival,Photo by Gallen-Kallelan Museon on Unsplash,['https://images.unsplash.com/photo-1731699952177-49971881747c?mark=https%3A%2F%2Fimages.unsplash.com%2Fopengraph%2Flogo.png&mark-w=64&mark-align=top%2Cleft&mark-pad=50&h=630&w=1200&crop=faces%2Cedges&blend-w=1&blend=000000&blend-mode=normal&blend-alpha=10&auto=format&fit=crop&q=60&ixid=M3wxMjA3fDB8MXxhbGx8fHx8fHx8fHwxNzMxODMyNTcyfA&ixlib=rb-4.0.3']
Film,Photo by Richard Stachmann on Unsplash,['https://images.unsplash.com/photo-1731437519637-747bb78a0217?mark=https%3A%2F%2Fimages.unsplash.com%2Fopengraph%2Flogo.png&mark-w=64&mark-align=top%2Cleft&mark-pad=50&h=630&w=1200&crop=faces%2Cedges&blend-w=1&blend=000000&blend-mode=normal&blend-alpha=10&auto=format&fit=crop&q=60&ixid=M3wxMjA3fDB8MXxhbGx8fHx8fHx8fHwxNzMxODMyNTczfA&ixlib=rb-4.0.3']
Archival,Photo by The New York Public Library on Unsplash,['https://images.unsplash.com/photo-1730317195856-681f2fd5d7f3?mark=https%3A%2F%2Fimages.unsplash.com%2Fopengraph%2Flogo.png&mark-w=64&mark-align=top%2Cleft&mark-pad=50&h=630&w=1200&crop=faces%2Cedges&blend-w=1&blend=000000&blend-mode=normal&blend-alpha=10&auto=format&fit=crop&q=60&ixid=M3wxMjA3fDB8MXxhbGx8fHx8fHx8fHwxNzMxODMyNTcyfA&ixlib=rb-4.0.3']
Experimental,Photo by Kouji Tsuru on Unsplash,['https://images.unsplash.com/photo-1731754146115-bcc8f7f55c80?mark=https%3A%2F%2Fimages.unsplash.com%2Fopengraph%2Flogo.png&mark-w=64&mark-align=top%2Cleft&mark-pad=50&h=630&w=1200&crop=faces%2Cedges&blend-w=1&blend=000000&blend-mode=normal&blend-alpha=10&auto=format&fit=crop&q=60&ixid=M3wxMjA3fDB8MXxhbGx8fHx8fHx8fHwxNzMxODMyNTczfA&ixlib=rb-4.0.3']
Experimental,Photo by ÁÉß‰∏çÈÖ•Âú®‰∏äÊµ∑ ËÄÅÁöÑ on Unsplash,['https://images.unsplash.com/photo-1731747845155-97ab47cab1b5?mark=https%3A%2F%2Fimages.unsplash.com%2Fopengraph%2Flogo.png&mark-w=64&mark-align=top%2Cleft&mark-pad=50&h=630&w=1200&crop=faces%2Cedges&blend-w=1&blend=000000&blend-mode=normal&blend-alpha=10&auto=format&fit=crop&q=60&ixid=M3wxMjA3fDB8MXxhbGx8fHx8fHx8fHwxNzMxODMwMDE0fA&ixlib=rb-4.0.3']
Archival,Photo by Gallen-Kallelan Museon on Unsplash,['https://images.unsplash.com/photo-1731702981680-a38f38529d76?mark=https%3A%2F%2Fimages.unsplash.com%2Fopengraph%2Flogo.png&mark-w=64&mark-align=top%2Cleft&mark-pad=50&h=630&w=1200&crop=faces%2Cedges&blend-w=1&blend=000000&blend-mode=normal&blend-alpha=10&auto=format&fit=crop&q=60&ixid=M3wxMjA3fDB8MXxhbGx8fHx8fHx8fHwxNzMxODMyNTcyfA&ixlib=rb-4.0.3']
Architecture & Interiors,Photo by Alim on Unsplash,['https://images.unsplash.com/photo-1731405710479-7b0fb317a718?mark=https%3A%2F%2Fimages.unsplash.com%2Fopengraph%2Flogo.png&mark-w=64&mark-align=top%2Cleft&mark-pad=50&h=630&w=1200&crop=faces%2Cedges&blend-w=1&blend=000000&blend-mode=normal&blend-alpha=10&auto=format&fit=crop&q=60&ixid=M3wxMjA3fDB8MXxhbGx8fHx8fHx8fHwxNzMxODI5MDEyfA&ixlib=rb-4.0.3']
Travel,Photo by Petr Slov√°ƒçek on Unsplash,['https://plus.unsplash.com/premium_photo-1721858124916-c304fc371931?mark=https%3A%2F%2Fimages.unsplash.com%2Fopengraph%2Flogo.png&mark-w=64&mark-align=top%2Cleft&mark-pad=50&h=630&w=1200&crop=faces%2Cedges&blend-w=1&blend=000000&blend-mode=normal&blend-alpha=10&auto=format&fit=crop&q=60&ixid=M3wxMjA3fDB8MXxhbGx8fHx8fHx8fHwxNzMxODMyNTczfA&ixlib=rb-4.0.3']
Architecture & Interiors,Photo by Willian Justen de Vasconcellos on Unsplash,['https://images.unsplash.com/photo-1731450451248-dab040040c96?mark=https%3A%2F%2Fimages.unsplash.com%2Fopengraph%2Flogo.png&mark-w=64&mark-align=top%2Cleft&mark-pad=50&h=630&w=1200&crop=faces%2Cedges&blend-w=1&blend=000000&blend-mode=normal&blend-alpha=10&auto=format&fit=crop&q=60&ixid=M3wxMjA3fDB8MXxhbGx8fHx8fHx8fHwxNzMxODMxNTA0fA&ixlib=rb-4.0.3']
3D Renders,Photo by Milad Fakurian on Unsplash,['https://images.unsplash.com/photo-1722462438498-f82bf766097f?mark=https%3A%2F%2Fimages.unsplash.com%2Fopengraph%2Flogo.png&mark-w=64&mark-align=top%2Cleft&mark-pad=50&h=630&w=1200&crop=faces%2Cedges&blend-w=1&blend=000000&blend-mode=normal&blend-alpha=10&auto=format&fit=crop&q=60&ixid=M3wxMjA3fDB8MXxhbGx8fHx8fHx8fHwxNzMxODI5NjY4fA&ixlib=rb-4.0.3']
Wallpapers,Photo by Susan Wilkinson on Unsplash,['https://plus.unsplash.com/premium_photo-1670279525928-9f10d4a446eb?mark=https%3A%2F%2Fimages.unsplash.com%2Fopengraph%2Flogo.png&mark-w=64&mark-align=top%2Cleft&mark-pad=50&h=630&w=1200&crop=faces%2Cedges&blend-w=1&blend=000000&blend-mode=normal&blend-alpha=10&auto=format&fit=crop&q=60&ixid=M3wxMjA3fDB8MXxhbGx8fHx8fHx8fHwxNzMxODMyNTc1fA&ixlib=rb-4.0.3']
Wallpapers,Photo by Pawel Czerwinski on Unsplash,['https://images.unsplash.com/photo-1731770207534-4411fd273c9e?mark=https%3A%2F%2Fimages.unsplash.com%2Fopengraph%2Flogo.png&mark-w=64&mark-align=top%2Cleft&mark-pad=50&h=630&w=1200&crop=faces%2Cedges&blend-w=1&blend=000000&blend-mode=normal&blend-alpha=10&auto=format&fit=crop&q=60&ixid=M3wxMjA3fDB8MXxhbGx8fHx8fHx8fHwxNzMxODMwNjYxfA&ixlib=rb-4.0.3']
3D Renders,Photo by Bhautik Patel on Unsplash,['https://images.unsplash.com/photo-1730874829217-f7f666e94822?mark=https%3A%2F%2Fimages.unsplash.com%2Fopengraph%2Flogo.png&mark-w=64&mark-align=top%2Cleft&mark-pad=50&h=630&w=1200&crop=faces%2Cedges&blend-w=1&blend=000000&blend-mode=normal&blend-alpha=10&auto=format&fit=crop&q=60&ixid=M3wxMjA3fDB8MXxhbGx8fHx8fHx8fHwxNzMxODI4NTEwfA&ixlib=rb-4.0.3']
Nature,Photo by Sergio Zhukov on Unsplash,['https://images.unsplash.com/photo-1731818757552-741a479bb938?mark=https%3A%2F%2Fimages.unsplash.com%2Fopengraph%2Flogo.png&mark-w=64&mark-align=top%2Cleft&mark-pad=50&h=630&w=1200&crop=faces%2Cedges&blend-w=1&blend=000000&blend-mode=normal&blend-alpha=10&auto=format&fit=crop&q=60&ixid=M3wxMjA3fDB8MXxhbGx8fHx8fHx8fHwxNzMxODMwNTU3fA&ixlib=rb-4.0.3']
Nature,Photo by Adam Bignell on Unsplash,['https://images.unsplash.com/photo-1731752806730-c0bcadb7e531?mark=https%3A%2F%2Fimages.unsplash.com%2Fopengraph%2Flogo.png&mark-w=64&mark-align=top%2Cleft&mark-pad=50&h=630&w=1200&crop=faces%2Cedges&blend-w=1&blend=000000&blend-mode=normal&blend-alpha=10&auto=format&fit=crop&q=60&ixid=M3wxMjA3fDB8MXxhbGx8fHx8fHx8fHwxNzMxODMyMzc0fA&ixlib=rb-4.0.3']
3D Renders,Photo by Tilak Baloni on Unsplash,['https://images.unsplash.com/photo-1729158323816-6f029e4ffc36?mark=https%3A%2F%2Fimages.unsplash.com%2Fopengraph%2Flogo.png&mark-w=64&mark-align=top%2Cleft&mark-pad=50&h=630&w=1200&crop=faces%2Cedges&blend-w=1&blend=000000&blend-mode=normal&blend-alpha=10&auto=format&fit=crop&q=60&ixid=M3wxMjA3fDB8MXxhbGx8fHx8fHx8fHwxNzMxODI4MzAwfA&ixlib=rb-4.0.3']
Wallpapers,Photo by Shubham Dhage on Unsplash,['https://images.unsplash.com/photo-1731436392713-60ef6cc842ff?mark=https%3A%2F%2Fimages.unsplash.com%2Fopengraph%2Flogo.png&mark-w=64&mark-align=top%2Cleft&mark-pad=50&h=630&w=1200&crop=faces%2Cedges&blend-w=1&blend=000000&blend-mode=normal&blend-alpha=10&auto=format&fit=crop&q=60&ixid=M3wxMjA3fDB8MXxhbGx8fHx8fHx8fHwxNzMxODMxNjE5fA&ixlib=rb-4.0.3']
Animals,Photo by Patti Black on Unsplash,['https://images.unsplash.com/photo-1731431769278-40bf1cf04ffa?mark=https%3A%2F%2Fimages.unsplash.com%2Fopengraph%2Flogo.png&mark-w=64&mark-align=top%2Cleft&mark-pad=50&h=630&w=1200&crop=faces%2Cedges&blend-w=1&blend=000000&blend-mode=normal&blend-alpha=10&auto=format&fit=crop&q=60&ixid=M3wxMjA3fDB8MXxhbGx8fHx8fHx8fHwxNzMxODMyNTczfA&ixlib=rb-4.0.3']
Architecture & Interiors,Photo by Kristijan Arsov on Unsplash,['https://images.unsplash.com/photo-1731363115363-32d7d35fd647?mark=https%3A%2F%2Fimages.unsplash.com%2Fopengraph%2Flogo.png&mark-w=64&mark-align=top%2Cleft&mark-pad=50&h=630&w=1200&crop=faces%2Cedges&blend-w=1&blend=000000&blend-mode=normal&blend-alpha=10&auto=format&fit=crop&q=60&ixid=M3wxMjA3fDB8MXxhbGx8fHx8fHx8fHwxNzMxODMxNjMwfA&ixlib=rb-4.0.3']
Animals,Photo by John Hreniuc on Unsplash,['https://images.unsplash.com/photo-1731564661505-ffc5b555a2a6?mark=https%3A%2F%2Fimages.unsplash.com%2Fopengraph%2Flogo.png&mark-w=64&mark-align=top%2Cleft&mark-pad=50&h=630&w=1200&crop=faces%2Cedges&blend-w=1&blend=000000&blend-mode=normal&blend-alpha=10&auto=format&fit=crop&q=60&ixid=M3wxMjA3fDB8MXxhbGx8fHx8fHx8fHwxNzMxODI5Njg5fA&ixlib=rb-4.0.3']
Animals,Photo by ≈Åukasz Rawa on Unsplash,['https://images.unsplash.com/photo-1731620137139-b269d6a67672?mark=https%3A%2F%2Fimages.unsplash.com%2Fopengraph%2Flogo.png&mark-w=64&mark-align=top%2Cleft&mark-pad=50&h=630&w=1200&crop=faces%2Cedges&blend-w=1&blend=000000&blend-mode=normal&blend-alpha=10&auto=format&fit=crop&q=60&ixid=M3wxMjA3fDB8MXxhbGx8fHx8fHx8fHwxNzMxODMyNTczfA&ixlib=rb-4.0.3']
Travel,Photo by Anna Hunko on Unsplash,['https://images.unsplash.com/photo-1731761844955-1864d0ff33ed?mark=https%3A%2F%2Fimages.unsplash.com%2Fopengraph%2Flogo.png&mark-w=64&mark-align=top%2Cleft&mark-pad=50&h=630&w=1200&crop=faces%2Cedges&blend-w=1&blend=000000&blend-mode=normal&blend-alpha=10&auto=format&fit=crop&q=60&ixid=M3wxMjA3fDB8MXxhbGx8fHx8fHx8fHwxNzMxODMxOTc5fA&ixlib=rb-4.0.3']
Nature,Photo by Lu√≠s Lan√ßa on Unsplash,['https://images.unsplash.com/photo-1731352231718-89c2c2d1df29?mark=https%3A%2F%2Fimages.unsplash.com%2Fopengraph%2Flogo.png&mark-w=64&mark-align=top%2Cleft&mark-pad=50&h=630&w=1200&crop=faces%2Cedges&blend-w=1&blend=000000&blend-mode=normal&blend-alpha=10&auto=format&fit=crop&q=60&ixid=M3wxMjA3fDB8MXxhbGx8fHx8fHx8fHwxNzMxODMyNTc1fA&ixlib=rb-4.0.3']
Travel,Photo by CJ on Unsplash,['https://images.unsplash.com/photo-1731571052468-5707a1d9730b?mark=https%3A%2F%2Fimages.unsplash.com%2Fopengraph%2Flogo.png&mark-w=64&mark-align=top%2Cleft&mark-pad=50&h=630&w=1200&crop=faces%2Cedges&blend-w=1&blend=000000&blend-mode=normal&blend-alpha=10&auto=format&fit=crop&q=60&ixid=M3wxMjA3fDB8MXxhbGx8fHx8fHx8fHwxNzMxODI5MjM2fA&ixlib=rb-4.0.3']
Experimental,Photo by Nico Baum on Unsplash,['https://images.unsplash.com/photo-1584635240092-d87d74854f68?mark=https%3A%2F%2Fimages.unsplash.com%2Fopengraph%2Flogo.png&mark-w=64&mark-align=top%2Cleft&mark-pad=50&h=630&w=1200&crop=faces%2Cedges&blend-w=1&blend=000000&blend-mode=normal&blend-alpha=10&auto=format&fit=crop&q=60&ixid=M3wxMjA3fDB8MXxhbGx8fHx8fHx8fHwxNzMxODMyNTczfA&ixlib=rb-4.0.3']
Fashion & Beauty,Photo by Janis Dzenis on Unsplash,['https://images.unsplash.com/photo-1731484395148-b1d7f2af7d54?mark=https%3A%2F%2Fimages.unsplash.com%2Fopengraph%2Flogo.png&mark-w=64&mark-align=top%2Cleft&mark-pad=50&h=630&w=1200&crop=faces%2Cedges&blend-w=1&blend=000000&blend-mode=normal&blend-alpha=10&auto=format&fit=crop&q=60&ixid=M3wxMjA3fDB8MXxhbGx8fHx8fHx8fHwxNzMxODMyNTcyfA&ixlib=rb-4.0.3']
Food & Drink,Photo by Keith Tanner on Unsplash,['https://images.unsplash.com/photo-1731688687812-db09e24f2384?mark=https%3A%2F%2Fimages.unsplash.com%2Fopengraph%2Flogo.png&mark-w=64&mark-align=top%2Cleft&mark-pad=50&h=630&w=1200&crop=faces%2Cedges&blend-w=1&blend=000000&blend-mode=normal&blend-alpha=10&auto=format&fit=crop&q=60&ixid=M3wxMjA3fDB8MXxhbGx8fHx8fHx8fHwxNzMxODMyNTcyfA&ixlib=rb-4.0.3']
Fashion & Beauty,Photo by Kingsley Hemans on Unsplash,['https://images.unsplash.com/photo-1725114073768-b437fb81e26c?mark=https%3A%2F%2Fimages.unsplash.com%2Fopengraph%2Flogo.png&mark-w=64&mark-align=top%2Cleft&mark-pad=50&h=630&w=1200&crop=faces%2Cedges&blend-w=1&blend=000000&blend-mode=normal&blend-alpha=10&auto=format&fit=crop&q=60&ixid=M3wxMjA3fDB8MXxhbGx8fHx8fHx8fHwxNzMxODMyNTcyfA&ixlib=rb-4.0.3']
People,Photo by Abdullah Raafat on Unsplash,['https://images.unsplash.com/photo-1725754235712-fad2ebd2c960?mark=https%3A%2F%2Fimages.unsplash.com%2Fopengraph%2Flogo.png&mark-w=64&mark-align=top%2Cleft&mark-pad=50&h=630&w=1200&crop=faces%2Cedges&blend-w=1&blend=000000&blend-mode=normal&blend-alpha=10&auto=format&fit=crop&q=60&ixid=M3wxMjA3fDB8MXxhbGx8fHx8fHx8fHwxNzMxODMyNTc0fA&ixlib=rb-4.0.3']
Fashion & Beauty,Photo by Janis Dzenis on Unsplash,['https://images.unsplash.com/photo-1731484635659-1d175b3a6c19?mark=https%3A%2F%2Fimages.unsplash.com%2Fopengraph%2Flogo.png&mark-w=64&mark-align=top%2Cleft&mark-pad=50&h=630&w=1200&crop=faces%2Cedges&blend-w=1&blend=000000&blend-mode=normal&blend-alpha=10&auto=format&fit=crop&q=60&ixid=M3wxMjA3fDB8MXxhbGx8fHx8fHx8fHwxNzMxODMyNTcyfA&ixlib=rb-4.0.3']
Textures & Patterns,Photo by Joshua Earle on Unsplash,['https://plus.unsplash.com/premium_photo-1727343543412-0822d99c9b80?mark=https%3A%2F%2Fimages.unsplash.com%2Fopengraph%2Flogo.png&mark-w=64&mark-align=top%2Cleft&mark-pad=50&h=630&w=1200&crop=faces%2Cedges&blend-w=1&blend=000000&blend-mode=normal&blend-alpha=10&auto=format&fit=crop&q=60&ixid=M3wxMjA3fDB8MXxhbGx8fHx8fHx8fHwxNzMxODMwODYwfA&ixlib=rb-4.0.3']
Food & Drink,Photo by Karolina Grabowska on Unsplash,['https://plus.unsplash.com/premium_photo-1693221705288-7a2531eaa5e5?mark=https%3A%2F%2Fimages.unsplash.com%2Fopengraph%2Flogo.png&mark-w=64&mark-align=top%2Cleft&mark-pad=50&h=630&w=1200&crop=faces%2Cedges&blend-w=1&blend=000000&blend-mode=normal&blend-alpha=10&auto=format&fit=crop&q=60&ixid=M3wxMjA3fDB8MXxhbGx8fHx8fHx8fHwxNzMxODMxMDUyfA&ixlib=rb-4.0.3']
Food & Drink,Photo by hosein fayton on Unsplash,['https://images.unsplash.com/photo-1731567539030-927deb69e9a9?mark=https%3A%2F%2Fimages.unsplash.com%2Fopengraph%2Flogo.png&mark-w=64&mark-align=top%2Cleft&mark-pad=50&h=630&w=1200&crop=faces%2Cedges&blend-w=1&blend=000000&blend-mode=normal&blend-alpha=10&auto=format&fit=crop&q=60&ixid=M3wxMjA3fDB8MXxhbGx8fHx8fHx8fHwxNzMxODMyNTcyfA&ixlib=rb-4.0.3']
People,Photo by Janis Dzenis on Unsplash,['https://images.unsplash.com/photo-1731484636246-ba9365148d60?mark=https%3A%2F%2Fimages.unsplash.com%2Fopengraph%2Flogo.png&mark-w=64&mark-align=top%2Cleft&mark-pad=50&h=630&w=1200&crop=faces%2Cedges&blend-w=1&blend=000000&blend-mode=normal&blend-alpha=10&auto=format&fit=crop&q=60&ixid=M3wxMjA3fDB8MXxhbGx8fHx8fHx8fHwxNzMxODI5NDIzfA&ixlib=rb-4.0.3']
Spirituality,Photo by Aaron Owens on Unsplash,['https://images.unsplash.com/photo-1614273662376-29d8ce44b829?mark=https%3A%2F%2Fimages.unsplash.com%2Fopengraph%2Flogo.png&mark-w=64&mark-align=top%2Cleft&mark-pad=50&h=630&w=1200&crop=faces%2Cedges&blend-w=1&blend=000000&blend-mode=normal&blend-alpha=10&auto=format&fit=crop&q=60&ixid=M3wxMjA3fDB8MXxhbGx8fHx8fHx8fHwxNzMxODMyNTc0fA&ixlib=rb-4.0.3']
Textures & Patterns,Illustration by Nik on Unsplash,['https://plus.unsplash.com/premium_vector-1707910154962-a451ed32fcf4?mark=https%3A%2F%2Fimages.unsplash.com%2Fopengraph%2Flogo.png&mark-w=64&mark-align=top%2Cleft&mark-pad=50&h=630&w=1200&crop=faces%2Cedges&blend-w=1&blend=000000&blend-mode=normal&blend-alpha=10&auto=format&fit=crop&q=60&ixid=M3wxMjA3fDB8MXxhbGx8fHx8fHx8fHwxNzMxODMwNTQ4fA&ixlib=rb-4.0.3']
Sports,Photo by Chermiti Mohamed on Unsplash,['https://images.unsplash.com/photo-1731692483141-1ec523809aa1?mark=https%3A%2F%2Fimages.unsplash.com%2Fopengraph%2Flogo.png&mark-w=64&mark-align=top%2Cleft&mark-pad=50&h=630&w=1200&crop=faces%2Cedges&blend-w=1&blend=000000&blend-mode=normal&blend-alpha=10&auto=format&fit=crop&q=60&ixid=M3wxMjA3fDB8MXxhbGx8fHx8fHx8fHwxNzMxODMyNTc0fA&ixlib=rb-4.0.3']
Textures & Patterns,Photo by Pascal Bullan on Unsplash,['https://images.unsplash.com/photo-1731140485549-d7362216a561?mark=https%3A%2F%2Fimages.unsplash.com%2Fopengraph%2Flogo.png&mark-w=64&mark-align=top%2Cleft&mark-pad=50&h=630&w=1200&crop=faces%2Cedges&blend-w=1&blend=000000&blend-mode=normal&blend-alpha=10&auto=format&fit=crop&q=60&ixid=M3wxMjA3fDB8MXxhbGx8fHx8fHx8fHwxNzMxODMyNTc0fA&ixlib=rb-4.0.3']
Spirituality,Photo by Dibakar Roy on Unsplash,['https://images.unsplash.com/photo-1731782082397-8d7776ce89ab?mark=https%3A%2F%2Fimages.unsplash.com%2Fopengraph%2Flogo.png&mark-w=64&mark-align=top%2Cleft&mark-pad=50&h=630&w=1200&crop=faces%2Cedges&blend-w=1&blend=000000&blend-mode=normal&blend-alpha=10&auto=format&fit=crop&q=60&ixid=M3wxMjA3fDB8MXxhbGx8fHx8fHx8fHwxNzMxODMyMDYxfA&ixlib=rb-4.0.3']
Health & Wellness,Photo by Neelakshi Singh on Unsplash,['https://images.unsplash.com/photo-1731321967800-0ff62f80a535?mark=https%3A%2F%2Fimages.unsplash.com%2Fopengraph%2Flogo.png&mark-w=64&mark-align=top%2Cleft&mark-pad=50&h=630&w=1200&crop=faces%2Cedges&blend-w=1&blend=000000&blend-mode=normal&blend-alpha=10&auto=format&fit=crop&q=60&ixid=M3wxMjA3fDB8MXxhbGx8fHx8fHx8fHwxNzMxODMyNTczfA&ixlib=rb-4.0.3']
Current Events,Photo by Zach Wear on Unsplash,['https://images.unsplash.com/photo-1731592455918-873ca773cec4?mark=https%3A%2F%2Fimages.unsplash.com%2Fopengraph%2Flogo.png&mark-w=64&mark-align=top%2Cleft&mark-pad=50&h=630&w=1200&crop=faces%2Cedges&blend-w=1&blend=000000&blend-mode=normal&blend-alpha=10&auto=format&fit=crop&q=60&ixid=M3wxMjA3fDB8MXxhbGx8fHx8fHx8fHwxNzMxODMyNTcyfA&ixlib=rb-4.0.3']
Current Events,Photo by Dibakar Roy on Unsplash,['https://images.unsplash.com/photo-1731782081787-decd74395d39?mark=https%3A%2F%2Fimages.unsplash.com%2Fopengraph%2Flogo.png&mark-w=64&mark-align=top%2Cleft&mark-pad=50&h=630&w=1200&crop=faces%2Cedges&blend-w=1&blend=000000&blend-mode=normal&blend-alpha=10&auto=format&fit=crop&q=60&ixid=M3wxMjA3fDB8MXxhbGx8fHx8fHx8fHwxNzMxODMyNTczfA&ixlib=rb-4.0.3']
Street Photography,Photo by Richard Stachmann on Unsplash,['https://images.unsplash.com/photo-1731755080123-ac88d5274b48?mark=https%3A%2F%2Fimages.unsplash.com%2Fopengraph%2Flogo.png&mark-w=64&mark-align=top%2Cleft&mark-pad=50&h=630&w=1200&crop=faces%2Cedges&blend-w=1&blend=000000&blend-mode=normal&blend-alpha=10&auto=format&fit=crop&q=60&ixid=M3wxMjA3fDB8MXxhbGx8fHx8fHx8fHwxNzMxODMxNTIxfA&ixlib=rb-4.0.3']
Health & Wellness,Photo by ùíÆ ùê¥ ‚Ñõ ùê¥ ‚Ñã ‚úø on Unsplash,['https://images.unsplash.com/photo-1731599974324-c770bd331f42?mark=https%3A%2F%2Fimages.unsplash.com%2Fopengraph%2Flogo.png&mark-w=64&mark-align=top%2Cleft&mark-pad=50&h=630&w=1200&crop=faces%2Cedges&blend-w=1&blend=000000&blend-mode=normal&blend-alpha=10&auto=format&fit=crop&q=60&ixid=M3wxMjA3fDB8MXxhbGx8fHx8fHx8fHwxNzMxODMyNTczfA&ixlib=rb-4.0.3']
Current Events,Photo by Nils Huenerfuerst on Unsplash,['https://images.unsplash.com/photo-1729259828657-a774968cf19b?mark=https%3A%2F%2Fimages.unsplash.com%2Fopengraph%2Flogo.png&mark-w=64&mark-align=top%2Cleft&mark-pad=50&h=630&w=1200&crop=faces%2Cedges&blend-w=1&blend=000000&blend-mode=normal&blend-alpha=10&auto=format&fit=crop&q=60&ixid=M3wxMjA3fDB8MXxhbGx8fHx8fHx8fHwxNzMxODMyNTczfA&ixlib=rb-4.0.3']
Street Photography,Photo by ÁÉß‰∏çÈÖ•Âú®‰∏äÊµ∑ ËÄÅÁöÑ on Unsplash,['https://images.unsplash.com/photo-1731747845251-44c118d8ab53?mark=https%3A%2F%2Fimages.unsplash.com%2Fopengraph%2Flogo.png&mark-w=64&mark-align=top%2Cleft&mark-pad=50&h=630&w=1200&crop=faces%2Cedges&blend-w=1&blend=000000&blend-mode=normal&blend-alpha=10&auto=format&fit=crop&q=60&ixid=M3wxMjA3fDB8MXxhbGx8fHx8fHx8fHwxNzMxODMxNjIzfA&ixlib=rb-4.0.3']
Street Photography,Photo by Ben Bouvier-Farrell on Unsplash,['https://images.unsplash.com/photo-1731474962725-4e2fd1a0d442?mark=https%3A%2F%2Fimages.unsplash.com%2Fopengraph%2Flogo.png&mark-w=64&mark-align=top%2Cleft&mark-pad=50&h=630&w=1200&crop=faces%2Cedges&blend-w=1&blend=000000&blend-mode=normal&blend-alpha=10&auto=format&fit=crop&q=60&ixid=M3wxMjA3fDB8MXxhbGx8fHx8fHx8fHwxNzMxODMyNTczfA&ixlib=rb-4.0.3']
Night,Photo by Aleksandr Popov on Unsplash,['https://images.unsplash.com/photo-1508485385725-b2d2f094b773?mark=https%3A%2F%2Fimages.unsplash.com%2Fopengraph%2Flogo.png&mark-w=64&mark-align=top%2Cleft&mark-pad=50&h=630&w=1200&crop=faces%2Cedges&blend-w=1&blend=000000&blend-mode=normal&blend-alpha=10&auto=format&fit=crop&q=60&ixid=M3wxMjA3fDB8MXxhbGx8fHx8fHx8fHwxNzMxODMyMzYwfA&ixlib=rb-4.0.3']
Night,Photo by Charlie Harris on Unsplash,['https://plus.unsplash.com/premium_photo-1673453455523-7390933a58f2?mark=https%3A%2F%2Fimages.unsplash.com%2Fopengraph%2Flogo.png&mark-w=64&mark-align=top%2Cleft&mark-pad=50&h=630&w=1200&crop=faces%2Cedges&blend-w=1&blend=000000&blend-mode=normal&blend-alpha=10&auto=format&fit=crop&q=60&ixid=M3wxMjA3fDB8MXxhbGx8fHx8fHx8fHwxNzMxODMyNTc2fA&ixlib=rb-4.0.3']
Night,Photo by Yiran Ding on Unsplash,['https://images.unsplash.com/photo-1507211222203-4d522e372607?mark=https%3A%2F%2Fimages.unsplash.com%2Fopengraph%2Flogo.png&mark-w=64&mark-align=top%2Cleft&mark-pad=50&h=630&w=1200&crop=faces%2Cedges&blend-w=1&blend=000000&blend-mode=normal&blend-alpha=10&auto=format&fit=crop&q=60&ixid=M3wxMjA3fDB8MXxhbGx8fHx8fHx8fHwxNzMxODMyNTc2fA&ixlib=rb-4.0.3']
